<?xml version="1.0" encoding="UTF-8"?><ti:app xmlns:ti="http://ti.appcelerator.org">
	<id>nl.fokkezb.html2as</id>
	<name>ti-html2as</name>
	<version>1.0</version>
	<publisher>Fokke Zandbergen</publisher>
	<url>http://fokkezb.nl</url>
	<description>HTML to Attributed String parser for Titanium</description>
	<copyright>2014 Fokke Zandbergen</copyright>
	<icon>appicon.png</icon>
	<fullscreen>false</fullscreen>
	<navbar-hidden>false</navbar-hidden>
	<analytics>true</analytics>
	<guid>b567e476-dd2c-47c5-b28b-7fbb2c857431</guid>
	<property name="ti.ui.defaultunit" type="string">dp</property>
	<ios>
		<plist>
			<dict>
				<key>UISupportedInterfaceOrientations~iphone</key>
				<array>
					<string>UIInterfaceOrientationPortrait</string>
				</array>
				<key>UISupportedInterfaceOrientations~ipad</key>
				<array>
					<string>UIInterfaceOrientationPortrait</string>
					<string>UIInterfaceOrientationPortraitUpsideDown</string>
					<string>UIInterfaceOrientationLandscapeLeft</string>
					<string>UIInterfaceOrientationLandscapeRight</string>
				</array>
				<key>UIRequiresPersistentWiFi</key>
				<false/>
				<key>UIPrerenderedIcon</key>
				<false/>
				<key>UIStatusBarHidden</key>
				<false/>
				<key>UIStatusBarStyle</key>
				<string>UIStatusBarStyleDefault</string>
			</dict>
		</plist>
	</ios>
	<modules>
		<module platform="commonjs">nl.fokkezb.html2as</module>
	</modules>
	<deployment-targets>
		<target device="android">false</target>
		<target device="blackberry">false</target>
		<target device="ipad">true</target>
		<target device="iphone">true</target>
		<target device="mobileweb">false</target>
	</deployment-targets>
	<sdk-version>5.2.0.GA</sdk-version>
<plugins><plugin version="1.0">ti.alloy</plugin>
</plugins>
</ti:app>
